{"cameraMode":{"drawMode":0,"name":"Shaded","section":"Shading Mode"},"sceneLighting":false,"audioPlay":false,"sceneViewState":{"m_AlwaysRefresh":false,"showFog":false,"showSkybox":false,"showFlares":false,"showImageEffects":false,"showParticleSystems":false,"showVisualEffectGraphs":true,"m_FxEnabled":true},"in2DMode":false,"pivot":{"x":-2.9802322387695315e-8,"y":0.5777121782302856,"z":-0.015213742852210999},"rotation":{"x":0.010144944302737713,"y":0.9889242053031921,"z":-0.08873235434293747,"w":0.12026027590036392},"size":0.5766767263412476,"orthographic":false}