{"cameraMode":{"drawMode":0,"name":"Shaded","section":"Shading Mode"},"sceneLighting":false,"audioPlay":false,"sceneViewState":{"m_AlwaysRefresh":false,"showFog":true,"showSkybox":false,"showFlares":true,"showImageEffects":true,"showParticleSystems":true,"showVisualEffectGraphs":true,"m_FxEnabled":true},"in2DMode":false,"pivot":{"x":-1.1920928955078126e-7,"y":1.1089439392089844,"z":-0.021556437015533448},"rotation":{"x":0.010709132999181748,"y":0.9840983748435974,"z":-0.16630707681179048,"w":0.06360427290201187},"size":1.4280370473861695,"orthographic":false}