{"cameraMode":{"drawMode":0,"name":"Shaded","section":"Shading Mode"},"sceneLighting":false,"audioPlay":false,"sceneViewState":{"m_AlwaysRefresh":false,"showFog":false,"showSkybox":false,"showFlares":false,"showImageEffects":false,"showParticleSystems":false,"showVisualEffectGraphs":true,"m_FxEnabled":true},"in2DMode":false,"pivot":{"x":-3.5762786865234377e-7,"y":0.874860405921936,"z":-0.014228098094463349},"rotation":{"x":-0.11792333424091339,"y":0.013998497277498246,"z":-0.0016626367578282953,"w":-0.992926299571991},"size":1.2453173398971558,"orthographic":false}