{"cameraMode":{"drawMode":0,"name":"Shaded","section":"Shading Mode"},"sceneLighting":false,"audioPlay":false,"sceneViewState":{"m_AlwaysRefresh":false,"showFog":false,"showSkybox":false,"showFlares":false,"showImageEffects":false,"showParticleSystems":false,"showVisualEffectGraphs":true,"m_FxEnabled":true},"in2DMode":false,"pivot":{"x":-2.980232238769531e-7,"y":0.8748605251312256,"z":-0.014227889478206635},"rotation":{"x":-0.05936797335743904,"y":0.015269833616912365,"z":-0.0009082541218958795,"w":-0.9981223344802856},"size":1.4850646257400513,"orthographic":false}